{"file-format": {"type": "diffrend", "version": "0.2"},
 "glsl": {"vertex": "../shaders/phong/vs.glsl", "fragment": "../shaders/phong/fs.glsl"},
 "camera": {
    "proj_type": "perspective",
    "viewport": [0, 0, 640, 480],
    "fovy": 1.04,
    "focal_length": 1.0,
    "eye": [3.5, 2.0, 3.5, 1.0],
    "up": [0.0, 1.0, 0.0, 0.0],
    "at": [0.0, 1.0, 0.0, 1.0],
    "near": 0.1, "far": 1000.0
    },
 "lights": {"pos": [[2.0, 2.0, 2.0, 1.0],
        [-2.0, 2.0, 2.0, 1.0],
        [1.0, 10.0, 2.0, 1.0]
        ],
    "color_idx": [8, 8, 8],
    "attenuation": [[0.0, 0.0, 0.4],
    [0.0, 0.0, 0.2], [0.0, 0.0, 0.2]],
    "ambient": [0.01, 0.01, 0.01]
    },
 "colors": [[0.6, 0.6, 0.6], 
            [0.76, 0.898, 0.941],
            [0.455, 0.596, 0.643],
            [0.643, 0.635, 0.631],
            [0.9, 0.9, 0.9],
            [1.00000, 0.83922,  0.66667],
            [1.000000, 0.403922, 0.090196],
            [1.00000,  0.67451,  0.26667],
            [1.00000,  0.95686,  0.89804]
            ],
 "materials": {
     "albedo": [[0.0, 0.0, 0.0], [0.1, 0.1, 0.1], [0.2, 0.2, 0.2], [0.5, 0.5, 0.5], [0.8, 0.8, 0.8], [0.44, 0.55, 0.64]],
     "coeffs": [[1.0, 0.0, 0.0], [1.0, 0.0, 0.0], [1.0, 0.0, 0.0], [1.0, 0.0, 0.0], [1.0, 0.0, 0.0], [1.0, 0.0, 0.0]]
  },
 "objects": {"obj": [{"path": "../objs/scenenetrgbd/trajectory_0.obj", "material_idx": 4,
                      "scale": [1.0, 1.0, 1.0]
                     }
                    ]
  },
 "tonemap": {"type": "gamma", "gamma": [0.8]}
}
